
	<!DOCTYPE project [
		<!ELEMENT project (objectids-table | current-scenario | duration | aggregation-period | truncated-mean | percentile)* >
	
		<!ELEMENT objectids-table (objectids-entry)* >
		<!ELEMENT objectids-entry (#PCDATA)>
		<!ELEMENT duration (#PCDATA)>
		<!ELEMENT truncated-mean (#PCDATA)>
		<!ELEMENT percentile (#PCDATA)>
		<!ELEMENT aggregation-period (#PCDATA)>
		<!ELEMENT current-scenario (#PCDATA)>
		<!ATTLIST duration
		    value CDATA #REQUIRED>
	    <!ATTLIST aggregation-period
		    value CDATA #REQUIRED>
		<!ATTLIST objectids-entry
		    objectid CDATA #REQUIRED
		    type CDATA #REQUIRED
		    value CDATA #REQUIRED
		    key CDATA #REQUIRED>
		<!ATTLIST truncated-mean
		    centered-interval CDATA #REQUIRED
		    percentage CDATA #REQUIRED>
		 <!ATTLIST percentile
		    percentage CDATA #REQUIRED>
	]>


<!--****** RUNTIME PROJECT ******--><project>
<!--****** CURRENT SCENARIO ******-->
<current-scenario>scenarioTest</current-scenario>
<!--****** OBJECTIDS ******-->
<objectids-table>
<objectids-entry key="" objectid="0" type="LG_HOST" value="localhost:7100"/>
<objectids-entry key="" objectid="1" type="ZONE" value="Zone par défaut"/>
<objectids-entry key="Zone par défaut¤PopulationMixed¤" objectid="2" type="POPULATION" value="PopulationMixed"/>
<objectids-entry key="Zone par défaut¤PopulationMixed¤Panier_final" objectid="1147" type="VIRTUAL_USER" value="Panier_final"/>
<objectids-entry key="Zone par défaut¤PopulationMixed¤Panier_final" objectid="1148" type="BASIC_LOGICAL_CONTAINER" value="$parent=Panier_final;$index=0"/>
<objectids-entry key="Zone par défaut¤PopulationMixed¤Panier_final" objectid="1149" type="BASIC_LOGICAL_CONTAINER" value="5f6c7c94-3bb3-4672-b997-c03e766265a8"/>
<objectids-entry key="Zone par défaut¤PopulationMixed¤Panier_final" objectid="1150" type="HTTP_PAGE" value="d71df41f-46b2-41d5-9a82-99ac55bfcff9"/>
<objectids-entry key="Zone par défaut¤PopulationMixed¤Panier_final" objectid="1151" type="ACTION" value="ec2b97a2-8254-4088-b202-e87eef1373ca"/>
<objectids-entry key="Zone par défaut¤PopulationMixed¤Panier_final" objectid="1152" type="ACTION" value="7ce9d28e-4993-4b7a-8363-5a47b100c7c6"/>
<objectids-entry key="Zone par défaut¤PopulationMixed¤Panier_final" objectid="1153" type="ACTION" value="aff166ae-69c4-446d-8a98-0a2c38738657"/>
<objectids-entry key="Zone par défaut¤PopulationMixed¤Panier_final" objectid="1154" type="ACTION" value="5d0d2063-012c-42bb-b8cd-80c9cf45da91"/>
<objectids-entry key="Zone par défaut¤PopulationMixed¤Panier_final" objectid="1155" type="ACTION" value="c578d3e1-d227-4db9-b731-8e7d4d6cb2ca"/>
<objectids-entry key="Zone par défaut¤PopulationMixed¤Panier_final" objectid="1156" type="ACTION" value="199a7bcf-a8d2-4f69-ac7d-818b195dca23"/>
<objectids-entry key="Zone par défaut¤PopulationMixed¤Panier_final" objectid="1157" type="ACTION" value="1c487da7-5623-4a13-a1fd-bf06d74ff3e0"/>
<objectids-entry key="Zone par défaut¤PopulationMixed¤Panier_final" objectid="1158" type="ACTION" value="2ac02d4d-53b0-472e-bfd2-dc58d075e8a2"/>
<objectids-entry key="Zone par défaut¤PopulationMixed¤Panier_final" objectid="1159" type="ACTION" value="4fd3901c-cce3-4f4a-a6c6-8616f7a16747"/>
<objectids-entry key="Zone par défaut¤PopulationMixed¤Panier_final" objectid="1160" type="ACTION" value="41d818be-4da5-4610-9dd7-2061d57df6a5"/>
<objectids-entry key="Zone par défaut¤PopulationMixed¤Panier_final" objectid="1161" type="ACTION" value="f12aed55-b6a7-4460-9670-48b6fbb09d1a"/>
<objectids-entry key="Zone par défaut¤PopulationMixed¤Panier_final" objectid="1162" type="ACTION" value="c7035516-169f-492a-b4df-fdd74397948f"/>
<objectids-entry key="Zone par défaut¤PopulationMixed¤Panier_final" objectid="1163" type="ACTION" value="33800197-db8b-4fb7-86b5-fa5c794d19eb"/>
<objectids-entry key="Zone par défaut¤PopulationMixed¤Panier_final" objectid="1164" type="ACTION" value="c6030131-4406-4066-a0a9-6787246302af"/>
<objectids-entry key="Zone par défaut¤PopulationMixed¤Panier_final" objectid="1165" type="ACTION" value="5765f8b9-7074-40bc-8a4a-14fd2b256ca0"/>
<objectids-entry key="Zone par défaut¤PopulationMixed¤Panier_final" objectid="1166" type="ACTION" value="46513515-43d1-4ded-96ca-6deeb0a49b7f"/>
<objectids-entry key="Zone par défaut¤PopulationMixed¤Panier_final" objectid="1167" type="ACTION" value="8bcae26a-2bee-4698-9318-abd5c72468e6"/>
<objectids-entry key="Zone par défaut¤PopulationMixed¤Panier_final" objectid="1168" type="ACTION" value="d2a3f925-dcbe-482c-8755-d03012582af8"/>
<objectids-entry key="Zone par défaut¤PopulationMixed¤Panier_final" objectid="1169" type="ACTION" value="38a2b000-5dd7-4a48-9cbc-ffba7f69f4be"/>
<objectids-entry key="Zone par défaut¤PopulationMixed¤Panier_final" objectid="1170" type="ACTION" value="5cf51b39-80e9-443a-805f-d96cc278d1f0"/>
<objectids-entry key="Zone par défaut¤PopulationMixed¤Panier_final" objectid="1171" type="ACTION" value="825be3a9-907d-4d30-b1d3-c90a7239b7e3"/>
<objectids-entry key="Zone par défaut¤PopulationMixed¤Panier_final" objectid="1172" type="ACTION" value="232ce0bc-0824-4d28-88ba-1fd734bd87b5"/>
<objectids-entry key="Zone par défaut¤PopulationMixed¤Panier_final" objectid="1173" type="ACTION" value="921bb64a-9228-4daa-9969-f4263938953e"/>
<objectids-entry key="Zone par défaut¤PopulationMixed¤Panier_final" objectid="1174" type="ACTION" value="5cc47b43-2cc0-43a0-93a3-ab5bab1f7188"/>
<objectids-entry key="Zone par défaut¤PopulationMixed¤Panier_final" objectid="1175" type="ACTION" value="066ed867-7890-4b61-ba22-6ecad3543b5b"/>
<objectids-entry key="Zone par défaut¤PopulationMixed¤Panier_final" objectid="1176" type="ACTION" value="f45f5681-e8b4-4950-993f-d84f938d93d4"/>
<objectids-entry key="Zone par défaut¤PopulationMixed¤Panier_final" objectid="1177" type="ACTION" value="1a6eb852-0bc3-4da3-9631-242044bc8c18"/>
<objectids-entry key="Zone par défaut¤PopulationMixed¤Panier_final" objectid="1178" type="ACTION" value="422fb1b3-420e-426d-a995-bd9aa307a762"/>
<objectids-entry key="Zone par défaut¤PopulationMixed¤Panier_final" objectid="1179" type="ACTION" value="2ecc0317-0dde-4407-83e2-43f960954951"/>
<objectids-entry key="Zone par défaut¤PopulationMixed¤Panier_final" objectid="1180" type="ACTION" value="9e77916d-eaed-476e-83de-951ec6fb4468"/>
<objectids-entry key="Zone par défaut¤PopulationMixed¤Panier_final" objectid="1181" type="ACTION" value="eff067fb-0427-4a44-b957-c9f0381d1567"/>
<objectids-entry key="Zone par défaut¤PopulationMixed¤Panier_final" objectid="1182" type="ACTION" value="7807be83-3f5a-4697-b40e-330dd525581d"/>
<objectids-entry key="Zone par défaut¤PopulationMixed¤Panier_final" objectid="1183" type="ACTION" value="e5022138-f0e6-42db-b9be-e13e71fcde64"/>
<objectids-entry key="Zone par défaut¤PopulationMixed¤Panier_final" objectid="1184" type="ACTION" value="74782ac9-e8a4-4b5e-a48f-48275b643a3b"/>
<objectids-entry key="Zone par défaut¤PopulationMixed¤Panier_final" objectid="1185" type="ACTION" value="7654d9a4-0a68-4080-a91b-3cbee8a1621c"/>
<objectids-entry key="Zone par défaut¤PopulationMixed¤Panier_final" objectid="1186" type="ACTION" value="7d4f07d9-ce75-4ddb-b73c-613f990c1814"/>
<objectids-entry key="Zone par défaut¤PopulationMixed¤Panier_final" objectid="1187" type="ACTION" value="846fbc2d-b70a-40cb-9156-a83fccd3bc01"/>
<objectids-entry key="Zone par défaut¤PopulationMixed¤Panier_final" objectid="1188" type="ACTION" value="684a0011-2633-4b01-b8cd-152ae378ed54"/>
<objectids-entry key="Zone par défaut¤PopulationMixed¤Panier_final" objectid="1189" type="ACTION" value="7debd605-89b3-4f67-a79d-c98dd59c3083"/>
<objectids-entry key="Zone par défaut¤PopulationMixed¤Panier_final" objectid="1190" type="ACTION" value="fb7ffebb-a5f3-43a2-9ae0-9fe513743c4e"/>
<objectids-entry key="Zone par défaut¤PopulationMixed¤Panier_final" objectid="1191" type="ACTION" value="fee08969-795f-4048-b873-3baa9443d9df"/>
<objectids-entry key="Zone par défaut¤PopulationMixed¤Panier_final" objectid="1192" type="ACTION" value="de9d7455-eac5-4e38-a349-11053f154ace"/>
<objectids-entry key="Zone par défaut¤PopulationMixed¤Panier_final" objectid="1193" type="ACTION" value="d6370fdc-14c9-49ac-9dae-193947927e77"/>
<objectids-entry key="Zone par défaut¤PopulationMixed¤Panier_final" objectid="1194" type="ACTION" value="5c4d2f43-b7a5-4934-8ab2-acb9ad5d0057"/>
<objectids-entry key="Zone par défaut¤PopulationMixed¤Panier_final" objectid="1195" type="ACTION" value="ecc8267f-5173-4e98-be86-4cb1fb6a03eb"/>
<objectids-entry key="Zone par défaut¤PopulationMixed¤Panier_final" objectid="1196" type="ACTION" value="d8e14c5b-21a9-4ef5-a11e-ef24786f5e69"/>
<objectids-entry key="Zone par défaut¤PopulationMixed¤Panier_final" objectid="1197" type="ACTION" value="dfd01ee7-b3f0-4e3e-8a4f-0de60735524c"/>
<objectids-entry key="Zone par défaut¤PopulationMixed¤Panier_final" objectid="1198" type="ACTION" value="4d2f1c27-6f68-41d3-ad5c-d9a33c0cc620"/>
<objectids-entry key="Zone par défaut¤PopulationMixed¤Panier_final" objectid="1199" type="ACTION" value="83888444-4e90-4ae5-b852-481d17a0dc82"/>
<objectids-entry key="Zone par défaut¤PopulationMixed¤Panier_final" objectid="1200" type="ACTION" value="10a746a5-b820-44c7-b5b1-1b2272103cdc"/>
<objectids-entry key="Zone par défaut¤PopulationMixed¤Panier_final" objectid="1201" type="ACTION" value="b1834e3d-0bfd-496e-a1fa-7222109d33b6"/>
<objectids-entry key="Zone par défaut¤PopulationMixed¤Panier_final" objectid="1202" type="ACTION" value="bdf7b514-0da0-4ea3-9019-de9c4e2677ce"/>
<objectids-entry key="Zone par défaut¤PopulationMixed¤Panier_final" objectid="1203" type="ACTION" value="2f5e1ff2-c9ca-45da-8b7b-baf151fbbed6"/>
<objectids-entry key="Zone par défaut¤PopulationMixed¤Panier_final" objectid="1204" type="ACTION" value="29300309-ecaa-48fc-89f2-f7613d8cbc45"/>
<objectids-entry key="Zone par défaut¤PopulationMixed¤Panier_final" objectid="1205" type="ACTION" value="95f87980-d076-4dd4-accc-97e69d805a49"/>
<objectids-entry key="Zone par défaut¤PopulationMixed¤Panier_final" objectid="1206" type="ACTION" value="a6f63379-2a18-41c7-a085-b398bf5cfb9d"/>
<objectids-entry key="Zone par défaut¤PopulationMixed¤Panier_final" objectid="1207" type="ACTION" value="14fee0c2-0e4a-459f-97be-0dd0b8ba7544"/>
<objectids-entry key="Zone par défaut¤PopulationMixed¤Panier_final" objectid="1208" type="ACTION" value="76ec6489-1998-430b-bec4-6adb654a3535"/>
<objectids-entry key="Zone par défaut¤PopulationMixed¤Panier_final" objectid="1209" type="BASIC_LOGICAL_CONTAINER" value="$parent=Panier_final;$index=1"/>
<objectids-entry key="Zone par défaut¤PopulationMixed¤Panier_final" objectid="1210" type="BASIC_LOGICAL_CONTAINER" value="a45df264-9d5d-4472-a4b3-3905f90b108d"/>
<objectids-entry key="Zone par défaut¤PopulationMixed¤Panier_final" objectid="1211" type="HTTP_PAGE" value="6ca16932-f7c0-474d-a177-9baee7e31836"/>
<objectids-entry key="Zone par défaut¤PopulationMixed¤Panier_final" objectid="1212" type="ACTION" value="bb9491f3-bb0a-4f22-9e14-c62fb12eb6d8"/>
<objectids-entry key="Zone par défaut¤PopulationMixed¤Panier_final" objectid="1213" type="ACTION" value="e0aa2727-911a-4161-b1bd-68625deedfc0"/>
<objectids-entry key="Zone par défaut¤PopulationMixed¤Panier_final" objectid="1214" type="BASIC_LOGICAL_CONTAINER" value="6539927c-a06f-4824-a9b9-d2ecc2c3d4f9"/>
<objectids-entry key="Zone par défaut¤PopulationMixed¤Panier_final" objectid="1215" type="HTTP_PAGE" value="5bf29e9d-d602-40e2-8885-2941f146e946"/>
<objectids-entry key="Zone par défaut¤PopulationMixed¤Panier_final" objectid="1216" type="ACTION" value="20ef2ecc-516b-49bd-ad31-543b3f94a2b3"/>
<objectids-entry key="Zone par défaut¤PopulationMixed¤Panier_final" objectid="1217" type="ACTION" value="67a6ef88-4f60-425a-8e1b-2eb1ec40e1fe"/>
<objectids-entry key="Zone par défaut¤PopulationMixed¤Panier_final" objectid="1218" type="ACTION" value="958001fd-82c9-42d8-820b-ce4b9b7bc621"/>
<objectids-entry key="Zone par défaut¤PopulationMixed¤Panier_final" objectid="1219" type="ACTION" value="82750711-4f72-49c5-920d-0aed3083b2e4"/>
<objectids-entry key="Zone par défaut¤PopulationMixed¤Panier_final" objectid="1220" type="ACTION" value="16283ec1-a290-410c-835a-f234c8b24e62"/>
<objectids-entry key="Zone par défaut¤PopulationMixed¤Panier_final" objectid="1221" type="ACTION" value="1f31f09c-340f-4571-94b9-212a0d41c033"/>
<objectids-entry key="Zone par défaut¤PopulationMixed¤Panier_final" objectid="1222" type="ACTION" value="f26f8698-efb3-40cf-b9dd-8642d63c38c0"/>
<objectids-entry key="Zone par défaut¤PopulationMixed¤Panier_final" objectid="1223" type="HTTP_PAGE" value="162d0928-4d79-4dcd-8fde-7cc9fb68c95c"/>
<objectids-entry key="Zone par défaut¤PopulationMixed¤Panier_final" objectid="1224" type="ACTION" value="5ec54ebc-4147-4db2-bf1b-f83ffbf9f166"/>
<objectids-entry key="Zone par défaut¤PopulationMixed¤Panier_final" objectid="1225" type="BASIC_LOGICAL_CONTAINER" value="68983ef3-a6dc-437c-990b-5090fe4dd183"/>
<objectids-entry key="Zone par défaut¤PopulationMixed¤Panier_final" objectid="1226" type="HTTP_PAGE" value="b00f55a7-bfa7-4d91-92c8-f589c46065b8"/>
<objectids-entry key="Zone par défaut¤PopulationMixed¤Panier_final" objectid="1227" type="ACTION" value="c80188bc-d453-46d5-95fb-f80884901e98"/>
<objectids-entry key="Zone par défaut¤PopulationMixed¤Panier_final" objectid="1228" type="HTTP_PAGE" value="ee23cf92-96ba-4080-8a19-e7429309d8bf"/>
<objectids-entry key="Zone par défaut¤PopulationMixed¤Panier_final" objectid="1229" type="ACTION" value="537aceeb-c8ae-4084-910d-5a4c976e6784"/>
<objectids-entry key="Zone par défaut¤PopulationMixed¤Panier_final" objectid="1230" type="ACTION" value="47b7788e-71cb-4c65-b03b-02afefb804db"/>
<objectids-entry key="Zone par défaut¤PopulationMixed¤Panier_final" objectid="1231" type="ACTION" value="5cd3fdda-0ed2-4f9b-9962-7350ce6e7725"/>
<objectids-entry key="Zone par défaut¤PopulationMixed¤Panier_final" objectid="1232" type="ACTION" value="c39556fc-e62d-4177-99f8-7065a3214852"/>
<objectids-entry key="Zone par défaut¤PopulationMixed¤Panier_final" objectid="1233" type="ACTION" value="ab55b2e9-b1ec-403c-b740-e44a03fd3af7"/>
<objectids-entry key="Zone par défaut¤PopulationMixed¤Panier_final" objectid="1234" type="ACTION" value="8ae7d532-49cf-486b-a170-6f04acc71576"/>
<objectids-entry key="Zone par défaut¤PopulationMixed¤Panier_final" objectid="1235" type="ACTION" value="effc6ed6-70e0-4783-9e61-7004fcc16523"/>
<objectids-entry key="Zone par défaut¤PopulationMixed¤Panier_final" objectid="1236" type="BASIC_LOGICAL_CONTAINER" value="7e02c8f7-893d-4b20-a19a-b9a8f9c1a66b"/>
<objectids-entry key="Zone par défaut¤PopulationMixed¤Panier_final" objectid="1237" type="HTTP_PAGE" value="3cfae3d0-1eda-4228-8beb-0400cba98c7d"/>
<objectids-entry key="Zone par défaut¤PopulationMixed¤Panier_final" objectid="1238" type="ACTION" value="7c6c0082-be5b-4530-8065-49a31e9e8f98"/>
<objectids-entry key="Zone par défaut¤PopulationMixed¤Panier_final" objectid="1239" type="ACTION" value="3d4c477c-3a27-4b56-afc2-40b2cdb38f76"/>
<objectids-entry key="Zone par défaut¤PopulationMixed¤Panier_final" objectid="1240" type="ACTION" value="fbb9f063-4048-41a4-a89a-5267d471b66c"/>
<objectids-entry key="Zone par défaut¤PopulationMixed¤Panier_final" objectid="1241" type="ACTION" value="b9d1bb85-ebe9-4327-bd6d-cde7c4ef3a33"/>
<objectids-entry key="Zone par défaut¤PopulationMixed¤Panier_final" objectid="1242" type="ACTION" value="33c3f9be-212c-4aff-9c2c-9844fc689e0c"/>
<objectids-entry key="Zone par défaut¤PopulationMixed¤Panier_final" objectid="1243" type="ACTION" value="3187fadb-9caf-43b3-8350-40c4c7f5e152"/>
<objectids-entry key="Zone par défaut¤PopulationMixed¤Panier_final" objectid="1244" type="ACTION" value="7df70082-02c0-4cfb-9788-88869cc43935"/>
<objectids-entry key="Zone par défaut¤PopulationMixed¤Panier_final" objectid="1245" type="ACTION" value="40bf1030-08b5-4138-8056-b285d8582d74"/>
<objectids-entry key="Zone par défaut¤PopulationMixed¤Panier_final" objectid="1246" type="ACTION" value="3dddee9e-ce85-4be8-9da9-1ea99909045d"/>
<objectids-entry key="Zone par défaut¤PopulationMixed¤Panier_final" objectid="1247" type="ACTION" value="e625156a-2d86-412b-814a-d5a24be4154b"/>
<objectids-entry key="Zone par défaut¤PopulationMixed¤Panier_final" objectid="1248" type="HTTP_PAGE" value="8d3e498d-840e-43a9-9d95-aa1d83037812"/>
<objectids-entry key="Zone par défaut¤PopulationMixed¤Panier_final" objectid="1249" type="ACTION" value="5b5774a4-9911-471c-ae8c-25d1cfad86cb"/>
<objectids-entry key="Zone par défaut¤PopulationMixed¤Panier_final" objectid="1250" type="BASIC_LOGICAL_CONTAINER" value="$parent=Panier_final;$index=2"/>
<objectids-entry key="¤¤" objectid="1251" type="MONITORED_HOST" value="MYSQLMonitor"/>
<objectids-entry key="¤¤" objectid="1252" type="MONITORCONNECTION" value="MYSQLMonitor$mysql"/>
<objectids-entry key="¤¤" objectid="1253" type="MONITOR" value="MYSQLMonitor$mysql$Connections/ threads connected"/>
<objectids-entry key="¤¤" objectid="1254" type="MONITOR" value="MYSQLMonitor$mysql$Connections/ aborted clients"/>
<objectids-entry key="¤¤" objectid="1255" type="THRESHOLD" value="MYSQLMonitor$mysql$a760ccdd-df87-4a7e-9daf-774caf8d565e"/>
<objectids-entry key="¤¤" objectid="1256" type="MONITOR" value="MYSQLMonitor$mysql$Connections/ aborted connects"/>
<objectids-entry key="¤¤" objectid="1257" type="THRESHOLD" value="MYSQLMonitor$mysql$4078a301-3192-4db6-93ac-3eea0dc40932"/>
<objectids-entry key="¤¤" objectid="1258" type="MONITOR" value="MYSQLMonitor$mysql$Connections/ max used"/>
<objectids-entry key="¤¤" objectid="1259" type="MONITOR" value="MYSQLMonitor$mysql$Select Rates/ select full join"/>
<objectids-entry key="¤¤" objectid="1260" type="THRESHOLD" value="MYSQLMonitor$mysql$3bcc3eea-adec-4b22-ad03-f8864013bd53"/>
<objectids-entry key="¤¤" objectid="1261" type="MONITOR" value="MYSQLMonitor$mysql$Select Rates/ select range check"/>
<objectids-entry key="¤¤" objectid="1262" type="MONITOR" value="MYSQLMonitor$mysql$Read Rates/ handler read random"/>
<objectids-entry key="¤¤" objectid="1263" type="MONITOR" value="MYSQLMonitor$mysql$Read Rates/ handler read random next"/>
<objectids-entry key="¤¤" objectid="1264" type="MONITOR" value="MYSQLMonitor$mysql$Key Rates/ key reads (disk)"/>
<objectids-entry key="¤¤" objectid="1265" type="MONITOR" value="MYSQLMonitor$mysql$Key Rates/ key writes (disk)"/>
<objectids-entry key="¤¤" objectid="1266" type="MONITOR" value="MYSQLMonitor$mysql$Commands Rates/ handler rollback"/>
<objectids-entry key="¤¤" objectid="1267" type="MONITOR" value="MYSQLMonitor$mysql$Commands Rates/ handler savepoint rollback"/>
<objectids-entry key="¤¤" objectid="1268" type="MONITOR" value="MYSQLMonitor$mysql$Tables/ table locks waited"/>
<objectids-entry key="¤¤" objectid="1269" type="THRESHOLD" value="MYSQLMonitor$mysql$3a48513d-72c7-41d2-964d-2b9d656e9a3b"/>
<objectids-entry key="¤¤" objectid="1270" type="MONITOR" value="MYSQLMonitor$mysql$Memory/ % key buffer size"/>
<objectids-entry key="¤¤" objectid="1271" type="THRESHOLD" value="MYSQLMonitor$mysql$86d9d47d-22a8-490f-9a1f-e6eb035afb98"/>
<objectids-entry key="¤¤" objectid="1272" type="MONITOR" value="MYSQLMonitor$mysql$Misc./ slow queries"/>
<objectids-entry key="¤¤" objectid="1273" type="THRESHOLD" value="MYSQLMonitor$mysql$1f2c9dde-fe71-4468-a8df-01f0e07f69a2"/>
<objectids-entry key="¤¤" objectid="1274" type="MONITOR" value="MYSQLMonitor$mysql$Misc./ slow launch threads"/>
<objectids-entry key="¤¤" objectid="1275" type="MONITOR" value="MYSQLMonitor$mysql$Misc./ sort merge passes"/>
<objectids-entry key="¤¤" objectid="1276" type="THRESHOLD" value="MYSQLMonitor$mysql$d485dcf8-2a33-41ad-8af0-07059a088637"/>
<objectids-entry key="¤¤" objectid="1277" type="MONITOR" value="MYSQLMonitor$mysql$Misc./ not flushed delayed rows"/>
<objectids-entry key="¤¤" objectid="1278" type="MONITOR" value="MYSQLMonitor$mysql$Description/ Database Version"/>
<objectids-entry key="¤¤" objectid="1279" type="MONITORED_HOST" value="NeoLoad"/>
<objectids-entry key="¤¤" objectid="1280" type="MONITORCONNECTION" value="NeoLoad$NeoLoad"/>
<objectids-entry key="¤¤" objectid="1281" type="MONITOR" value="NeoLoad$NeoLoad$UserLoad"/>
<objectids-entry key="¤¤" objectid="1282" type="MONITOR" value="NeoLoad$NeoLoad$throughput"/>
<objectids-entry key="¤¤" objectid="1283" type="MONITOR" value="NeoLoad$NeoLoad$Alerts"/>
<objectids-entry key="¤¤" objectid="1284" type="MONITOR" value="NeoLoad$NeoLoad$CriticalAlerts"/>
<objectids-entry key="¤¤" objectid="1285" type="MONITOR" value="NeoLoad$NeoLoad$WarningAlerts"/>
<objectids-entry key="¤¤" objectid="1286" type="MONITOR" value="NeoLoad$NeoLoad$cpu"/>
<objectids-entry key="¤¤" objectid="1287" type="THRESHOLD" value="NeoLoad$NeoLoad$c030d321-3045-4809-8efc-0417a5babf80"/>
<objectids-entry key="¤¤" objectid="1288" type="MONITOR" value="NeoLoad$NeoLoad$memory"/>
<objectids-entry key="¤¤" objectid="1289" type="THRESHOLD" value="NeoLoad$NeoLoad$ba87f170-3531-4727-bbb7-425a784820e7"/>
<objectids-entry key="¤¤" objectid="1290" type="MONITOR" value="NeoLoad$NeoLoad$threadcount"/>
<objectids-entry key="¤¤" objectid="1291" type="MONITOR" value="NeoLoad$NeoLoad$connectedlg"/>
<objectids-entry key="¤¤" objectid="1292" type="MONITOR" value="NeoLoad$NeoLoad$totallgdisconnections"/>
<objectids-entry key="¤¤" objectid="1293" type="THRESHOLD" value="NeoLoad$NeoLoad$9d6390ba-f252-4257-b0f4-e047a2dc7768"/>
<objectids-entry key="¤¤" objectid="1294" type="MONITOR" value="NeoLoad$NeoLoad$totallgreconnections"/>
<objectids-entry key="¤¤" objectid="1295" type="MONITOR" value="NeoLoad$NeoLoad$otcp.NeoLoad"/>
<objectids-entry key="¤¤" objectid="1296" type="MONITOR" value="NeoLoad$NeoLoad$tcp.NeoLoad"/>
<objectids-entry key="¤¤" objectid="1297" type="MONITOR" value="NeoLoad$NeoLoad$ibytesperinterface~NeoLoad~wlan1"/>
<objectids-entry key="¤¤" objectid="1298" type="MONITOR" value="NeoLoad$NeoLoad$obytesperinterface~NeoLoad~wlan1"/>
<objectids-entry key="¤¤" objectid="1299" type="MONITOR" value="NeoLoad$NeoLoad$ibytesperinterface~NeoLoad~wlan0"/>
<objectids-entry key="¤¤" objectid="1300" type="MONITOR" value="NeoLoad$NeoLoad$obytesperinterface~NeoLoad~wlan0"/>
<objectids-entry key="¤¤" objectid="1301" type="MONITOR" value="NeoLoad$NeoLoad$ibytesperinterface~NeoLoad~eth4"/>
<objectids-entry key="¤¤" objectid="1302" type="MONITOR" value="NeoLoad$NeoLoad$obytesperinterface~NeoLoad~eth4"/>
<objectids-entry key="¤¤" objectid="1303" type="MONITOR" value="NeoLoad$NeoLoad$ibytesperinterface~NeoLoad~eth2"/>
<objectids-entry key="¤¤" objectid="1304" type="MONITOR" value="NeoLoad$NeoLoad$obytesperinterface~NeoLoad~eth2"/>
<objectids-entry key="¤¤" objectid="1305" type="MONITOR" value="NeoLoad$NeoLoad$nlwebdownload"/>
<objectids-entry key="¤¤" objectid="1306" type="MONITOR" value="NeoLoad$NeoLoad$nlwebupload"/>
<objectids-entry key="¤¤" objectid="1307" type="MONITOR" value="NeoLoad$NeoLoad$SapUserLoad"/>
<objectids-entry key="¤¤" objectid="1308" type="MONITOR" value="NeoLoad$NeoLoad$zoneuserload~Zone par défaut"/>
<objectids-entry key="¤¤" objectid="1309" type="MONITOR" value="NeoLoad$NeoLoad$zoneuserloadperpopulation~Zone par défaut~PopulationMixed"/>
<objectids-entry key="¤¤" objectid="1310" type="MONITOR" value="NeoLoad$NeoLoad$zoneuserloadperpopulation~Zone par défaut~PopulationMixed~Panier_final"/>
<objectids-entry key="¤¤" objectid="1311" type="MONITORED_HOST" value="Injecteur localhost:7100"/>
<objectids-entry key="¤¤" objectid="1312" type="MONITORCONNECTION" value="Injecteur localhost:7100$NeoLoad"/>
<objectids-entry key="¤¤" objectid="1313" type="MONITOR" value="Injecteur localhost:7100$NeoLoad$lgcpu.localhost:7100"/>
<objectids-entry key="¤¤" objectid="1314" type="THRESHOLD" value="Injecteur localhost:7100$NeoLoad$463756e3-f545-4457-8dd3-c2756da90a33"/>
<objectids-entry key="¤¤" objectid="1315" type="MONITOR" value="Injecteur localhost:7100$NeoLoad$lgmemory.localhost:7100"/>
<objectids-entry key="¤¤" objectid="1316" type="THRESHOLD" value="Injecteur localhost:7100$NeoLoad$c8eea473-d8e0-41ab-adc8-31a74e4a5294"/>
<objectids-entry key="¤¤" objectid="1317" type="MONITOR" value="Injecteur localhost:7100$NeoLoad$lgthroughput.localhost:7100"/>
<objectids-entry key="¤¤" objectid="1318" type="MONITOR" value="Injecteur localhost:7100$NeoLoad$lguserloadperpopulation~localhost:7100"/>
<objectids-entry key="¤¤" objectid="1319" type="MONITOR" value="Injecteur localhost:7100$NeoLoad$lgthreadcount.localhost:7100"/>
<objectids-entry key="¤¤" objectid="1320" type="MONITOR" value="Injecteur localhost:7100$NeoLoad$lg.jetty.httpclient.threadpool.used.localhost:7100"/>
<objectids-entry key="¤¤" objectid="1321" type="MONITOR" value="Injecteur localhost:7100$NeoLoad$lg.jetty.httpclient.taskpool.used.localhost:7100"/>
<objectids-entry key="¤¤" objectid="1322" type="THRESHOLD" value="Injecteur localhost:7100$NeoLoad$55331966-1943-4c5c-858d-625f685b9730"/>
<objectids-entry key="¤¤" objectid="1323" type="MONITOR" value="Injecteur localhost:7100$NeoLoad$lgdisconnections.localhost:7100"/>
<objectids-entry key="¤¤" objectid="1324" type="MONITOR" value="Injecteur localhost:7100$NeoLoad$lgreconnections.localhost:7100"/>
<objectids-entry key="¤¤" objectid="1325" type="MONITOR" value="Injecteur localhost:7100$NeoLoad$lgping.localhost:7100"/>
<objectids-entry key="¤¤" objectid="1326" type="MONITOR" value="Injecteur localhost:7100$NeoLoad$lgotcp.localhost:7100"/>
<objectids-entry key="¤¤" objectid="1327" type="MONITOR" value="Injecteur localhost:7100$NeoLoad$lgtcp.localhost:7100"/>
<objectids-entry key="¤¤" objectid="1328" type="MONITOR" value="Injecteur localhost:7100$NeoLoad$lgibytesperinterface~localhost:7100~wlan1"/>
<objectids-entry key="¤¤" objectid="1329" type="MONITOR" value="Injecteur localhost:7100$NeoLoad$lgobytesperinterface~localhost:7100~wlan1"/>
<objectids-entry key="¤¤" objectid="1330" type="MONITOR" value="Injecteur localhost:7100$NeoLoad$lgibytesperinterface~localhost:7100~wlan0"/>
<objectids-entry key="¤¤" objectid="1331" type="MONITOR" value="Injecteur localhost:7100$NeoLoad$lgobytesperinterface~localhost:7100~wlan0"/>
<objectids-entry key="¤¤" objectid="1332" type="MONITOR" value="Injecteur localhost:7100$NeoLoad$lgibytesperinterface~localhost:7100~eth4"/>
<objectids-entry key="¤¤" objectid="1333" type="MONITOR" value="Injecteur localhost:7100$NeoLoad$lgobytesperinterface~localhost:7100~eth4"/>
<objectids-entry key="¤¤" objectid="1334" type="MONITOR" value="Injecteur localhost:7100$NeoLoad$lgibytesperinterface~localhost:7100~eth2"/>
<objectids-entry key="¤¤" objectid="1335" type="MONITOR" value="Injecteur localhost:7100$NeoLoad$lgobytesperinterface~localhost:7100~eth2"/>
</objectids-table>
<!--****** DURATION ******-->
<duration value="0"/>
<!--****** AGGREGATION PERIOD ******-->
<aggregation-period value="1000"/>
<!--****** EXTENDED STATISTICS ******-->
<truncated-mean centered-interval="true" percentage="90"/>
<percentile percentage="50"/>
</project>
