
	<!DOCTYPE project [
		<!ELEMENT project (objectids-table | current-scenario | duration | aggregation-period | truncated-mean | percentile)* >
	
		<!ELEMENT objectids-table (objectids-entry)* >
		<!ELEMENT objectids-entry (#PCDATA)>
		<!ELEMENT duration (#PCDATA)>
		<!ELEMENT truncated-mean (#PCDATA)>
		<!ELEMENT percentile (#PCDATA)>
		<!ELEMENT aggregation-period (#PCDATA)>
		<!ELEMENT current-scenario (#PCDATA)>
		<!ATTLIST duration
		    value CDATA #REQUIRED>
	    <!ATTLIST aggregation-period
		    value CDATA #REQUIRED>
		<!ATTLIST objectids-entry
		    objectid CDATA #REQUIRED
		    type CDATA #REQUIRED
		    value CDATA #REQUIRED
		    key CDATA #REQUIRED>
		<!ATTLIST truncated-mean
		    centered-interval CDATA #REQUIRED
		    percentage CDATA #REQUIRED>
		 <!ATTLIST percentile
		    percentage CDATA #REQUIRED>
	]>


<!--****** RUNTIME PROJECT ******--><project>
<!--****** CURRENT SCENARIO ******-->
<current-scenario>scenarioTest</current-scenario>
<!--****** OBJECTIDS ******-->
<objectids-table>
<objectids-entry key="" objectid="0" type="LG_HOST" value="localhost:7100"/>
<objectids-entry key="" objectid="1" type="ZONE" value="Zone par défaut"/>
<objectids-entry key="Zone par défaut¤PopulationMixed¤" objectid="2" type="POPULATION" value="PopulationMixed"/>
<objectids-entry key="Zone par défaut¤PopulationMixed¤categorie_bedroom_final" objectid="579" type="VIRTUAL_USER" value="categorie_bedroom_final"/>
<objectids-entry key="Zone par défaut¤PopulationMixed¤categorie_bedroom_final" objectid="580" type="BASIC_LOGICAL_CONTAINER" value="$parent=categorie_bedroom_final;$index=0"/>
<objectids-entry key="Zone par défaut¤PopulationMixed¤categorie_bedroom_final" objectid="581" type="HTTP_PAGE" value="5bb24cd7-3682-4b85-aef6-e2b8a7e2b2b8"/>
<objectids-entry key="Zone par défaut¤PopulationMixed¤categorie_bedroom_final" objectid="582" type="ACTION" value="7fdeba9d-45f1-47b5-b03e-3e59c98bc13b"/>
<objectids-entry key="Zone par défaut¤PopulationMixed¤categorie_bedroom_final" objectid="583" type="ACTION" value="ccb75a19-a386-4a31-b47c-8c67ce732525"/>
<objectids-entry key="Zone par défaut¤PopulationMixed¤categorie_bedroom_final" objectid="584" type="HTTP_PAGE" value="432ffc79-d5cf-4bb1-8785-fd28bf6bef30"/>
<objectids-entry key="Zone par défaut¤PopulationMixed¤categorie_bedroom_final" objectid="585" type="ACTION" value="cbfdf85e-facd-4401-be02-e956487d8f47"/>
<objectids-entry key="Zone par défaut¤PopulationMixed¤categorie_bedroom_final" objectid="586" type="ACTION" value="693158cc-648c-45c2-b18e-2da530f9c1ee"/>
<objectids-entry key="Zone par défaut¤PopulationMixed¤categorie_bedroom_final" objectid="587" type="ACTION" value="018c8053-5e7f-4e08-b29a-d0077362da11"/>
<objectids-entry key="Zone par défaut¤PopulationMixed¤categorie_bedroom_final" objectid="588" type="ACTION" value="835da710-21f4-4580-99c6-bc760d3773ed"/>
<objectids-entry key="Zone par défaut¤PopulationMixed¤categorie_bedroom_final" objectid="589" type="ACTION" value="5c8b8204-ef15-45af-82ae-9e2f3ced5e52"/>
<objectids-entry key="Zone par défaut¤PopulationMixed¤categorie_bedroom_final" objectid="590" type="ACTION" value="cca9b5b7-c8c7-4998-a636-2e3a9fc9df86"/>
<objectids-entry key="Zone par défaut¤PopulationMixed¤categorie_bedroom_final" objectid="591" type="ACTION" value="62694238-c7a7-43ce-aa2d-05f136f4f276"/>
<objectids-entry key="Zone par défaut¤PopulationMixed¤categorie_bedroom_final" objectid="592" type="ACTION" value="6761e643-4397-4bd7-ab02-dc5563b1d652"/>
<objectids-entry key="Zone par défaut¤PopulationMixed¤categorie_bedroom_final" objectid="593" type="ACTION" value="9b0e6a27-07e0-438b-a403-24c1fca8350e"/>
<objectids-entry key="Zone par défaut¤PopulationMixed¤categorie_bedroom_final" objectid="594" type="ACTION" value="19efc6b1-23b4-4d08-a5f4-e0b4f9f65597"/>
<objectids-entry key="Zone par défaut¤PopulationMixed¤categorie_bedroom_final" objectid="595" type="ACTION" value="a929930a-696e-495a-8481-6737e8e8a6eb"/>
<objectids-entry key="Zone par défaut¤PopulationMixed¤categorie_bedroom_final" objectid="596" type="ACTION" value="32a64cb2-20f1-46f4-88d0-a98452869598"/>
<objectids-entry key="Zone par défaut¤PopulationMixed¤categorie_bedroom_final" objectid="597" type="ACTION" value="f270a08a-03f0-471b-9c86-2cbb5b0ee9c0"/>
<objectids-entry key="Zone par défaut¤PopulationMixed¤categorie_bedroom_final" objectid="598" type="ACTION" value="7634fb8a-e55c-4dda-85dd-96b421a720b2"/>
<objectids-entry key="Zone par défaut¤PopulationMixed¤categorie_bedroom_final" objectid="599" type="ACTION" value="b8f29c6f-8d78-4326-8ed1-e7a4c52d6140"/>
<objectids-entry key="Zone par défaut¤PopulationMixed¤categorie_bedroom_final" objectid="600" type="ACTION" value="295554a1-0ca0-4df9-b61b-e70ffd85cb52"/>
<objectids-entry key="Zone par défaut¤PopulationMixed¤categorie_bedroom_final" objectid="601" type="ACTION" value="a68bc0e8-1f8b-45e1-8d81-b5fb932314bc"/>
<objectids-entry key="Zone par défaut¤PopulationMixed¤categorie_bedroom_final" objectid="602" type="ACTION" value="8a4a91fd-44ed-478e-8e79-61fad6130164"/>
<objectids-entry key="Zone par défaut¤PopulationMixed¤categorie_bedroom_final" objectid="603" type="ACTION" value="f2157a00-ac20-405e-a051-d9a0cec36d4d"/>
<objectids-entry key="Zone par défaut¤PopulationMixed¤categorie_bedroom_final" objectid="604" type="ACTION" value="f606ac26-6afe-485f-a312-4e4afbde9420"/>
<objectids-entry key="Zone par défaut¤PopulationMixed¤categorie_bedroom_final" objectid="605" type="ACTION" value="865d7c5b-d99d-4101-994c-6ba2d409564d"/>
<objectids-entry key="Zone par défaut¤PopulationMixed¤categorie_bedroom_final" objectid="606" type="ACTION" value="bf9b3595-d2ee-4c46-9615-2a2def3a951f"/>
<objectids-entry key="Zone par défaut¤PopulationMixed¤categorie_bedroom_final" objectid="607" type="ACTION" value="6bfda6f6-6738-4863-a821-241026f6e826"/>
<objectids-entry key="Zone par défaut¤PopulationMixed¤categorie_bedroom_final" objectid="608" type="ACTION" value="bd5bc636-7be2-4d87-a6ac-405df9247ef4"/>
<objectids-entry key="Zone par défaut¤PopulationMixed¤categorie_bedroom_final" objectid="609" type="ACTION" value="8695d358-52d9-4bea-a538-b154106bd08c"/>
<objectids-entry key="Zone par défaut¤PopulationMixed¤categorie_bedroom_final" objectid="610" type="ACTION" value="fdc73810-3df6-4c0a-a374-4ab8c9b0c186"/>
<objectids-entry key="Zone par défaut¤PopulationMixed¤categorie_bedroom_final" objectid="611" type="ACTION" value="f519e0d6-2f38-4602-963f-4f16e2569505"/>
<objectids-entry key="Zone par défaut¤PopulationMixed¤categorie_bedroom_final" objectid="612" type="ACTION" value="58f18c46-60fe-4125-af91-e347896fda32"/>
<objectids-entry key="Zone par défaut¤PopulationMixed¤categorie_bedroom_final" objectid="613" type="ACTION" value="32d335fe-dfdf-49e0-a76d-5c8c930f81e8"/>
<objectids-entry key="Zone par défaut¤PopulationMixed¤categorie_bedroom_final" objectid="614" type="ACTION" value="5e5a59a6-8e9e-4a36-a496-290a572947e7"/>
<objectids-entry key="Zone par défaut¤PopulationMixed¤categorie_bedroom_final" objectid="615" type="ACTION" value="1fffabd3-8311-4860-ab22-74d97c693a42"/>
<objectids-entry key="Zone par défaut¤PopulationMixed¤categorie_bedroom_final" objectid="616" type="ACTION" value="9c0d6ade-2ba2-4496-b143-453e30682eff"/>
<objectids-entry key="Zone par défaut¤PopulationMixed¤categorie_bedroom_final" objectid="617" type="ACTION" value="bc4c7d37-d7bd-4541-bb25-8ffd12b95d63"/>
<objectids-entry key="Zone par défaut¤PopulationMixed¤categorie_bedroom_final" objectid="618" type="ACTION" value="d1f10042-5a6f-40eb-800a-bf751405801b"/>
<objectids-entry key="Zone par défaut¤PopulationMixed¤categorie_bedroom_final" objectid="619" type="ACTION" value="699a29a0-dadc-4c8b-b110-7e06f30e9937"/>
<objectids-entry key="Zone par défaut¤PopulationMixed¤categorie_bedroom_final" objectid="620" type="ACTION" value="cfd30a68-d307-4c8a-935d-ec4d83f02709"/>
<objectids-entry key="Zone par défaut¤PopulationMixed¤categorie_bedroom_final" objectid="621" type="ACTION" value="cff7505a-a046-4cff-8efa-4a2b51958c64"/>
<objectids-entry key="Zone par défaut¤PopulationMixed¤categorie_bedroom_final" objectid="622" type="ACTION" value="d539b86e-e47e-40f7-a7c4-4e97ad3519b1"/>
<objectids-entry key="Zone par défaut¤PopulationMixed¤categorie_bedroom_final" objectid="623" type="ACTION" value="53d106ae-5335-4f97-853a-ad40156b900d"/>
<objectids-entry key="Zone par défaut¤PopulationMixed¤categorie_bedroom_final" objectid="624" type="ACTION" value="75ba8135-be8e-4aa1-a4b8-08d7a9bcf6d6"/>
<objectids-entry key="Zone par défaut¤PopulationMixed¤categorie_bedroom_final" objectid="625" type="ACTION" value="34ac777f-00db-4cb6-853d-02a30f9d30d5"/>
<objectids-entry key="Zone par défaut¤PopulationMixed¤categorie_bedroom_final" objectid="626" type="ACTION" value="6d5de587-e8cd-4e26-a9b1-a755663fa9e7"/>
<objectids-entry key="Zone par défaut¤PopulationMixed¤categorie_bedroom_final" objectid="627" type="ACTION" value="2867d6f1-9f1c-47a1-9fa8-fd16642e8fb5"/>
<objectids-entry key="Zone par défaut¤PopulationMixed¤categorie_bedroom_final" objectid="628" type="ACTION" value="3c6b1bcb-b4d9-4308-8de6-3dc6c6d9212d"/>
<objectids-entry key="Zone par défaut¤PopulationMixed¤categorie_bedroom_final" objectid="629" type="ACTION" value="48d0e27d-a0e7-4c96-b95e-575954f17288"/>
<objectids-entry key="Zone par défaut¤PopulationMixed¤categorie_bedroom_final" objectid="630" type="ACTION" value="1731f0f3-bda7-49c2-9390-02b946db86bd"/>
<objectids-entry key="Zone par défaut¤PopulationMixed¤categorie_bedroom_final" objectid="631" type="ACTION" value="c6e26819-cb2b-41ed-a6a7-98b835a34a8c"/>
<objectids-entry key="Zone par défaut¤PopulationMixed¤categorie_bedroom_final" objectid="632" type="ACTION" value="b8a27010-6c80-49c6-bb42-51fab2e8a8b6"/>
<objectids-entry key="Zone par défaut¤PopulationMixed¤categorie_bedroom_final" objectid="633" type="ACTION" value="d066ba5b-0150-4750-8c8f-a1033111b491"/>
<objectids-entry key="Zone par défaut¤PopulationMixed¤categorie_bedroom_final" objectid="634" type="ACTION" value="671eb075-b228-4b59-9a28-ff4ef717a6c9"/>
<objectids-entry key="Zone par défaut¤PopulationMixed¤categorie_bedroom_final" objectid="635" type="ACTION" value="54baa94e-e76e-499c-a239-3024e30e052b"/>
<objectids-entry key="Zone par défaut¤PopulationMixed¤categorie_bedroom_final" objectid="636" type="ACTION" value="c1888dc9-30da-4fe9-8545-b405c1c8b890"/>
<objectids-entry key="Zone par défaut¤PopulationMixed¤categorie_bedroom_final" objectid="637" type="ACTION" value="e78fc3ca-0281-4ecb-8c7c-d23b4ac26a6d"/>
<objectids-entry key="Zone par défaut¤PopulationMixed¤categorie_bedroom_final" objectid="638" type="ACTION" value="6c7a0316-667c-4cf7-9cb9-6d7ee230c6ed"/>
<objectids-entry key="Zone par défaut¤PopulationMixed¤categorie_bedroom_final" objectid="639" type="ACTION" value="ea5ce9bc-0aca-472f-86e2-dc78968e8a34"/>
<objectids-entry key="Zone par défaut¤PopulationMixed¤categorie_bedroom_final" objectid="640" type="ACTION" value="20e3dc1f-d13b-43e5-9f02-e4399ff87384"/>
<objectids-entry key="Zone par défaut¤PopulationMixed¤categorie_bedroom_final" objectid="641" type="ACTION" value="a88c8600-4ce2-4b82-97fd-fb97f14add31"/>
<objectids-entry key="Zone par défaut¤PopulationMixed¤categorie_bedroom_final" objectid="642" type="BASIC_LOGICAL_CONTAINER" value="$parent=categorie_bedroom_final;$index=1"/>
<objectids-entry key="Zone par défaut¤PopulationMixed¤categorie_bedroom_final" objectid="643" type="BASIC_LOGICAL_CONTAINER" value="a78358f7-8fc0-4662-8deb-ed5e784ec098"/>
<objectids-entry key="Zone par défaut¤PopulationMixed¤categorie_bedroom_final" objectid="644" type="HTTP_PAGE" value="a3a85549-6caf-4664-b743-9b7f139cc0fa"/>
<objectids-entry key="Zone par défaut¤PopulationMixed¤categorie_bedroom_final" objectid="645" type="ACTION" value="ad7ad081-e68b-4dd5-9829-4357d06febd8"/>
<objectids-entry key="Zone par défaut¤PopulationMixed¤categorie_bedroom_final" objectid="646" type="ACTION" value="d0558066-6c35-4fc4-b6e0-ee9eb1962f20"/>
<objectids-entry key="Zone par défaut¤PopulationMixed¤categorie_bedroom_final" objectid="647" type="ACTION" value="dd46a988-da5b-4691-880b-03149d28fc7a"/>
<objectids-entry key="Zone par défaut¤PopulationMixed¤categorie_bedroom_final" objectid="648" type="ACTION" value="087e76b5-a50d-49b4-8327-1cbf4701299a"/>
<objectids-entry key="Zone par défaut¤PopulationMixed¤categorie_bedroom_final" objectid="649" type="ACTION" value="aca2154c-a551-46fc-a021-feba9326e63b"/>
<objectids-entry key="Zone par défaut¤PopulationMixed¤categorie_bedroom_final" objectid="650" type="ACTION" value="be1d14c0-8f95-4ea4-b2b1-baa3f218603a"/>
<objectids-entry key="Zone par défaut¤PopulationMixed¤categorie_bedroom_final" objectid="651" type="ACTION" value="2f20235f-8879-4ae0-abeb-bbbeb0219b4a"/>
<objectids-entry key="Zone par défaut¤PopulationMixed¤categorie_bedroom_final" objectid="652" type="ACTION" value="e2a4f468-7fff-4172-8ea5-b45b9e3114b8"/>
<objectids-entry key="Zone par défaut¤PopulationMixed¤categorie_bedroom_final" objectid="653" type="ACTION" value="5ba91fad-9eea-4edd-ac8e-757e708856b5"/>
<objectids-entry key="Zone par défaut¤PopulationMixed¤categorie_bedroom_final" objectid="654" type="HTTP_PAGE" value="83bffe0f-7086-4fdd-8a78-d69f1974a321"/>
<objectids-entry key="Zone par défaut¤PopulationMixed¤categorie_bedroom_final" objectid="655" type="ACTION" value="fed48357-af9c-4675-93fc-59f6a81f82f6"/>
<objectids-entry key="Zone par défaut¤PopulationMixed¤categorie_bedroom_final" objectid="656" type="BASIC_LOGICAL_CONTAINER" value="4957fb78-926e-4837-a70f-e30959396c94"/>
<objectids-entry key="Zone par défaut¤PopulationMixed¤categorie_bedroom_final" objectid="657" type="HTTP_PAGE" value="c83a4567-88ac-4a35-bdf8-788423204172"/>
<objectids-entry key="Zone par défaut¤PopulationMixed¤categorie_bedroom_final" objectid="658" type="ACTION" value="c5fb69b5-bca3-4032-9e30-7925ede2f5c2"/>
<objectids-entry key="Zone par défaut¤PopulationMixed¤categorie_bedroom_final" objectid="659" type="ACTION" value="3a15b481-1331-49e9-b4b5-ae27c275211f"/>
<objectids-entry key="Zone par défaut¤PopulationMixed¤categorie_bedroom_final" objectid="660" type="ACTION" value="6d8588a0-0d2b-4825-9800-6f0ddd3e6c6e"/>
<objectids-entry key="Zone par défaut¤PopulationMixed¤categorie_bedroom_final" objectid="661" type="ACTION" value="cf6ba64d-f133-4949-a36b-c3c26267a4ae"/>
<objectids-entry key="Zone par défaut¤PopulationMixed¤categorie_bedroom_final" objectid="662" type="ACTION" value="c60f947d-ea87-4d3a-9b83-25bcceccdddb"/>
<objectids-entry key="Zone par défaut¤PopulationMixed¤categorie_bedroom_final" objectid="663" type="ACTION" value="1116f50f-e6a7-4440-80fb-a30be41e5393"/>
<objectids-entry key="Zone par défaut¤PopulationMixed¤categorie_bedroom_final" objectid="664" type="ACTION" value="9278acaf-6770-41b8-a919-6432f6934ad1"/>
<objectids-entry key="Zone par défaut¤PopulationMixed¤categorie_bedroom_final" objectid="665" type="ACTION" value="2ed0c2cc-cf91-4d0d-bc13-eefe2a97eea1"/>
<objectids-entry key="Zone par défaut¤PopulationMixed¤categorie_bedroom_final" objectid="666" type="BASIC_LOGICAL_CONTAINER" value="$parent=categorie_bedroom_final;$index=2"/>
<objectids-entry key="Zone par défaut¤PopulationMixed¤Panier_final" objectid="667" type="VIRTUAL_USER" value="Panier_final"/>
<objectids-entry key="Zone par défaut¤PopulationMixed¤Panier_final" objectid="668" type="BASIC_LOGICAL_CONTAINER" value="$parent=Panier_final;$index=0"/>
<objectids-entry key="Zone par défaut¤PopulationMixed¤Panier_final" objectid="669" type="BASIC_LOGICAL_CONTAINER" value="5f6c7c94-3bb3-4672-b997-c03e766265a8"/>
<objectids-entry key="Zone par défaut¤PopulationMixed¤Panier_final" objectid="670" type="HTTP_PAGE" value="d71df41f-46b2-41d5-9a82-99ac55bfcff9"/>
<objectids-entry key="Zone par défaut¤PopulationMixed¤Panier_final" objectid="671" type="ACTION" value="ec2b97a2-8254-4088-b202-e87eef1373ca"/>
<objectids-entry key="Zone par défaut¤PopulationMixed¤Panier_final" objectid="672" type="ACTION" value="7ce9d28e-4993-4b7a-8363-5a47b100c7c6"/>
<objectids-entry key="Zone par défaut¤PopulationMixed¤Panier_final" objectid="673" type="ACTION" value="aff166ae-69c4-446d-8a98-0a2c38738657"/>
<objectids-entry key="Zone par défaut¤PopulationMixed¤Panier_final" objectid="674" type="ACTION" value="5d0d2063-012c-42bb-b8cd-80c9cf45da91"/>
<objectids-entry key="Zone par défaut¤PopulationMixed¤Panier_final" objectid="675" type="ACTION" value="c578d3e1-d227-4db9-b731-8e7d4d6cb2ca"/>
<objectids-entry key="Zone par défaut¤PopulationMixed¤Panier_final" objectid="676" type="ACTION" value="199a7bcf-a8d2-4f69-ac7d-818b195dca23"/>
<objectids-entry key="Zone par défaut¤PopulationMixed¤Panier_final" objectid="677" type="ACTION" value="1c487da7-5623-4a13-a1fd-bf06d74ff3e0"/>
<objectids-entry key="Zone par défaut¤PopulationMixed¤Panier_final" objectid="678" type="ACTION" value="2ac02d4d-53b0-472e-bfd2-dc58d075e8a2"/>
<objectids-entry key="Zone par défaut¤PopulationMixed¤Panier_final" objectid="679" type="ACTION" value="4fd3901c-cce3-4f4a-a6c6-8616f7a16747"/>
<objectids-entry key="Zone par défaut¤PopulationMixed¤Panier_final" objectid="680" type="ACTION" value="41d818be-4da5-4610-9dd7-2061d57df6a5"/>
<objectids-entry key="Zone par défaut¤PopulationMixed¤Panier_final" objectid="681" type="ACTION" value="f12aed55-b6a7-4460-9670-48b6fbb09d1a"/>
<objectids-entry key="Zone par défaut¤PopulationMixed¤Panier_final" objectid="682" type="ACTION" value="c7035516-169f-492a-b4df-fdd74397948f"/>
<objectids-entry key="Zone par défaut¤PopulationMixed¤Panier_final" objectid="683" type="ACTION" value="33800197-db8b-4fb7-86b5-fa5c794d19eb"/>
<objectids-entry key="Zone par défaut¤PopulationMixed¤Panier_final" objectid="684" type="ACTION" value="c6030131-4406-4066-a0a9-6787246302af"/>
<objectids-entry key="Zone par défaut¤PopulationMixed¤Panier_final" objectid="685" type="ACTION" value="5765f8b9-7074-40bc-8a4a-14fd2b256ca0"/>
<objectids-entry key="Zone par défaut¤PopulationMixed¤Panier_final" objectid="686" type="ACTION" value="46513515-43d1-4ded-96ca-6deeb0a49b7f"/>
<objectids-entry key="Zone par défaut¤PopulationMixed¤Panier_final" objectid="687" type="ACTION" value="8bcae26a-2bee-4698-9318-abd5c72468e6"/>
<objectids-entry key="Zone par défaut¤PopulationMixed¤Panier_final" objectid="688" type="ACTION" value="d2a3f925-dcbe-482c-8755-d03012582af8"/>
<objectids-entry key="Zone par défaut¤PopulationMixed¤Panier_final" objectid="689" type="ACTION" value="38a2b000-5dd7-4a48-9cbc-ffba7f69f4be"/>
<objectids-entry key="Zone par défaut¤PopulationMixed¤Panier_final" objectid="690" type="ACTION" value="5cf51b39-80e9-443a-805f-d96cc278d1f0"/>
<objectids-entry key="Zone par défaut¤PopulationMixed¤Panier_final" objectid="691" type="ACTION" value="825be3a9-907d-4d30-b1d3-c90a7239b7e3"/>
<objectids-entry key="Zone par défaut¤PopulationMixed¤Panier_final" objectid="692" type="ACTION" value="232ce0bc-0824-4d28-88ba-1fd734bd87b5"/>
<objectids-entry key="Zone par défaut¤PopulationMixed¤Panier_final" objectid="693" type="ACTION" value="921bb64a-9228-4daa-9969-f4263938953e"/>
<objectids-entry key="Zone par défaut¤PopulationMixed¤Panier_final" objectid="694" type="ACTION" value="5cc47b43-2cc0-43a0-93a3-ab5bab1f7188"/>
<objectids-entry key="Zone par défaut¤PopulationMixed¤Panier_final" objectid="695" type="ACTION" value="066ed867-7890-4b61-ba22-6ecad3543b5b"/>
<objectids-entry key="Zone par défaut¤PopulationMixed¤Panier_final" objectid="696" type="ACTION" value="f45f5681-e8b4-4950-993f-d84f938d93d4"/>
<objectids-entry key="Zone par défaut¤PopulationMixed¤Panier_final" objectid="697" type="ACTION" value="1a6eb852-0bc3-4da3-9631-242044bc8c18"/>
<objectids-entry key="Zone par défaut¤PopulationMixed¤Panier_final" objectid="698" type="ACTION" value="422fb1b3-420e-426d-a995-bd9aa307a762"/>
<objectids-entry key="Zone par défaut¤PopulationMixed¤Panier_final" objectid="699" type="ACTION" value="2ecc0317-0dde-4407-83e2-43f960954951"/>
<objectids-entry key="Zone par défaut¤PopulationMixed¤Panier_final" objectid="700" type="ACTION" value="9e77916d-eaed-476e-83de-951ec6fb4468"/>
<objectids-entry key="Zone par défaut¤PopulationMixed¤Panier_final" objectid="701" type="ACTION" value="eff067fb-0427-4a44-b957-c9f0381d1567"/>
<objectids-entry key="Zone par défaut¤PopulationMixed¤Panier_final" objectid="702" type="ACTION" value="7807be83-3f5a-4697-b40e-330dd525581d"/>
<objectids-entry key="Zone par défaut¤PopulationMixed¤Panier_final" objectid="703" type="ACTION" value="e5022138-f0e6-42db-b9be-e13e71fcde64"/>
<objectids-entry key="Zone par défaut¤PopulationMixed¤Panier_final" objectid="704" type="ACTION" value="74782ac9-e8a4-4b5e-a48f-48275b643a3b"/>
<objectids-entry key="Zone par défaut¤PopulationMixed¤Panier_final" objectid="705" type="ACTION" value="7654d9a4-0a68-4080-a91b-3cbee8a1621c"/>
<objectids-entry key="Zone par défaut¤PopulationMixed¤Panier_final" objectid="706" type="ACTION" value="7d4f07d9-ce75-4ddb-b73c-613f990c1814"/>
<objectids-entry key="Zone par défaut¤PopulationMixed¤Panier_final" objectid="707" type="ACTION" value="846fbc2d-b70a-40cb-9156-a83fccd3bc01"/>
<objectids-entry key="Zone par défaut¤PopulationMixed¤Panier_final" objectid="708" type="ACTION" value="684a0011-2633-4b01-b8cd-152ae378ed54"/>
<objectids-entry key="Zone par défaut¤PopulationMixed¤Panier_final" objectid="709" type="ACTION" value="7debd605-89b3-4f67-a79d-c98dd59c3083"/>
<objectids-entry key="Zone par défaut¤PopulationMixed¤Panier_final" objectid="710" type="ACTION" value="fb7ffebb-a5f3-43a2-9ae0-9fe513743c4e"/>
<objectids-entry key="Zone par défaut¤PopulationMixed¤Panier_final" objectid="711" type="ACTION" value="fee08969-795f-4048-b873-3baa9443d9df"/>
<objectids-entry key="Zone par défaut¤PopulationMixed¤Panier_final" objectid="712" type="ACTION" value="de9d7455-eac5-4e38-a349-11053f154ace"/>
<objectids-entry key="Zone par défaut¤PopulationMixed¤Panier_final" objectid="713" type="ACTION" value="d6370fdc-14c9-49ac-9dae-193947927e77"/>
<objectids-entry key="Zone par défaut¤PopulationMixed¤Panier_final" objectid="714" type="ACTION" value="5c4d2f43-b7a5-4934-8ab2-acb9ad5d0057"/>
<objectids-entry key="Zone par défaut¤PopulationMixed¤Panier_final" objectid="715" type="ACTION" value="ecc8267f-5173-4e98-be86-4cb1fb6a03eb"/>
<objectids-entry key="Zone par défaut¤PopulationMixed¤Panier_final" objectid="716" type="ACTION" value="d8e14c5b-21a9-4ef5-a11e-ef24786f5e69"/>
<objectids-entry key="Zone par défaut¤PopulationMixed¤Panier_final" objectid="717" type="ACTION" value="dfd01ee7-b3f0-4e3e-8a4f-0de60735524c"/>
<objectids-entry key="Zone par défaut¤PopulationMixed¤Panier_final" objectid="718" type="ACTION" value="4d2f1c27-6f68-41d3-ad5c-d9a33c0cc620"/>
<objectids-entry key="Zone par défaut¤PopulationMixed¤Panier_final" objectid="719" type="ACTION" value="83888444-4e90-4ae5-b852-481d17a0dc82"/>
<objectids-entry key="Zone par défaut¤PopulationMixed¤Panier_final" objectid="720" type="ACTION" value="10a746a5-b820-44c7-b5b1-1b2272103cdc"/>
<objectids-entry key="Zone par défaut¤PopulationMixed¤Panier_final" objectid="721" type="ACTION" value="b1834e3d-0bfd-496e-a1fa-7222109d33b6"/>
<objectids-entry key="Zone par défaut¤PopulationMixed¤Panier_final" objectid="722" type="ACTION" value="bdf7b514-0da0-4ea3-9019-de9c4e2677ce"/>
<objectids-entry key="Zone par défaut¤PopulationMixed¤Panier_final" objectid="723" type="ACTION" value="2f5e1ff2-c9ca-45da-8b7b-baf151fbbed6"/>
<objectids-entry key="Zone par défaut¤PopulationMixed¤Panier_final" objectid="724" type="ACTION" value="29300309-ecaa-48fc-89f2-f7613d8cbc45"/>
<objectids-entry key="Zone par défaut¤PopulationMixed¤Panier_final" objectid="725" type="ACTION" value="95f87980-d076-4dd4-accc-97e69d805a49"/>
<objectids-entry key="Zone par défaut¤PopulationMixed¤Panier_final" objectid="726" type="ACTION" value="a6f63379-2a18-41c7-a085-b398bf5cfb9d"/>
<objectids-entry key="Zone par défaut¤PopulationMixed¤Panier_final" objectid="727" type="ACTION" value="14fee0c2-0e4a-459f-97be-0dd0b8ba7544"/>
<objectids-entry key="Zone par défaut¤PopulationMixed¤Panier_final" objectid="728" type="ACTION" value="76ec6489-1998-430b-bec4-6adb654a3535"/>
<objectids-entry key="Zone par défaut¤PopulationMixed¤Panier_final" objectid="729" type="BASIC_LOGICAL_CONTAINER" value="$parent=Panier_final;$index=1"/>
<objectids-entry key="Zone par défaut¤PopulationMixed¤Panier_final" objectid="730" type="BASIC_LOGICAL_CONTAINER" value="a45df264-9d5d-4472-a4b3-3905f90b108d"/>
<objectids-entry key="Zone par défaut¤PopulationMixed¤Panier_final" objectid="731" type="HTTP_PAGE" value="6ca16932-f7c0-474d-a177-9baee7e31836"/>
<objectids-entry key="Zone par défaut¤PopulationMixed¤Panier_final" objectid="732" type="ACTION" value="bb9491f3-bb0a-4f22-9e14-c62fb12eb6d8"/>
<objectids-entry key="Zone par défaut¤PopulationMixed¤Panier_final" objectid="733" type="ACTION" value="e0aa2727-911a-4161-b1bd-68625deedfc0"/>
<objectids-entry key="Zone par défaut¤PopulationMixed¤Panier_final" objectid="734" type="BASIC_LOGICAL_CONTAINER" value="6539927c-a06f-4824-a9b9-d2ecc2c3d4f9"/>
<objectids-entry key="Zone par défaut¤PopulationMixed¤Panier_final" objectid="735" type="HTTP_PAGE" value="5bf29e9d-d602-40e2-8885-2941f146e946"/>
<objectids-entry key="Zone par défaut¤PopulationMixed¤Panier_final" objectid="736" type="ACTION" value="20ef2ecc-516b-49bd-ad31-543b3f94a2b3"/>
<objectids-entry key="Zone par défaut¤PopulationMixed¤Panier_final" objectid="737" type="ACTION" value="67a6ef88-4f60-425a-8e1b-2eb1ec40e1fe"/>
<objectids-entry key="Zone par défaut¤PopulationMixed¤Panier_final" objectid="738" type="ACTION" value="958001fd-82c9-42d8-820b-ce4b9b7bc621"/>
<objectids-entry key="Zone par défaut¤PopulationMixed¤Panier_final" objectid="739" type="ACTION" value="82750711-4f72-49c5-920d-0aed3083b2e4"/>
<objectids-entry key="Zone par défaut¤PopulationMixed¤Panier_final" objectid="740" type="ACTION" value="16283ec1-a290-410c-835a-f234c8b24e62"/>
<objectids-entry key="Zone par défaut¤PopulationMixed¤Panier_final" objectid="741" type="ACTION" value="1f31f09c-340f-4571-94b9-212a0d41c033"/>
<objectids-entry key="Zone par défaut¤PopulationMixed¤Panier_final" objectid="742" type="ACTION" value="f26f8698-efb3-40cf-b9dd-8642d63c38c0"/>
<objectids-entry key="Zone par défaut¤PopulationMixed¤Panier_final" objectid="743" type="HTTP_PAGE" value="162d0928-4d79-4dcd-8fde-7cc9fb68c95c"/>
<objectids-entry key="Zone par défaut¤PopulationMixed¤Panier_final" objectid="744" type="ACTION" value="5ec54ebc-4147-4db2-bf1b-f83ffbf9f166"/>
<objectids-entry key="Zone par défaut¤PopulationMixed¤Panier_final" objectid="745" type="BASIC_LOGICAL_CONTAINER" value="68983ef3-a6dc-437c-990b-5090fe4dd183"/>
<objectids-entry key="Zone par défaut¤PopulationMixed¤Panier_final" objectid="746" type="HTTP_PAGE" value="b00f55a7-bfa7-4d91-92c8-f589c46065b8"/>
<objectids-entry key="Zone par défaut¤PopulationMixed¤Panier_final" objectid="747" type="ACTION" value="c80188bc-d453-46d5-95fb-f80884901e98"/>
<objectids-entry key="Zone par défaut¤PopulationMixed¤Panier_final" objectid="748" type="HTTP_PAGE" value="ee23cf92-96ba-4080-8a19-e7429309d8bf"/>
<objectids-entry key="Zone par défaut¤PopulationMixed¤Panier_final" objectid="749" type="ACTION" value="537aceeb-c8ae-4084-910d-5a4c976e6784"/>
<objectids-entry key="Zone par défaut¤PopulationMixed¤Panier_final" objectid="750" type="ACTION" value="47b7788e-71cb-4c65-b03b-02afefb804db"/>
<objectids-entry key="Zone par défaut¤PopulationMixed¤Panier_final" objectid="751" type="ACTION" value="5cd3fdda-0ed2-4f9b-9962-7350ce6e7725"/>
<objectids-entry key="Zone par défaut¤PopulationMixed¤Panier_final" objectid="752" type="ACTION" value="c39556fc-e62d-4177-99f8-7065a3214852"/>
<objectids-entry key="Zone par défaut¤PopulationMixed¤Panier_final" objectid="753" type="ACTION" value="ab55b2e9-b1ec-403c-b740-e44a03fd3af7"/>
<objectids-entry key="Zone par défaut¤PopulationMixed¤Panier_final" objectid="754" type="ACTION" value="8ae7d532-49cf-486b-a170-6f04acc71576"/>
<objectids-entry key="Zone par défaut¤PopulationMixed¤Panier_final" objectid="755" type="ACTION" value="effc6ed6-70e0-4783-9e61-7004fcc16523"/>
<objectids-entry key="Zone par défaut¤PopulationMixed¤Panier_final" objectid="756" type="BASIC_LOGICAL_CONTAINER" value="7e02c8f7-893d-4b20-a19a-b9a8f9c1a66b"/>
<objectids-entry key="Zone par défaut¤PopulationMixed¤Panier_final" objectid="757" type="HTTP_PAGE" value="3cfae3d0-1eda-4228-8beb-0400cba98c7d"/>
<objectids-entry key="Zone par défaut¤PopulationMixed¤Panier_final" objectid="758" type="ACTION" value="7c6c0082-be5b-4530-8065-49a31e9e8f98"/>
<objectids-entry key="Zone par défaut¤PopulationMixed¤Panier_final" objectid="759" type="ACTION" value="3d4c477c-3a27-4b56-afc2-40b2cdb38f76"/>
<objectids-entry key="Zone par défaut¤PopulationMixed¤Panier_final" objectid="760" type="ACTION" value="fbb9f063-4048-41a4-a89a-5267d471b66c"/>
<objectids-entry key="Zone par défaut¤PopulationMixed¤Panier_final" objectid="761" type="ACTION" value="b9d1bb85-ebe9-4327-bd6d-cde7c4ef3a33"/>
<objectids-entry key="Zone par défaut¤PopulationMixed¤Panier_final" objectid="762" type="ACTION" value="33c3f9be-212c-4aff-9c2c-9844fc689e0c"/>
<objectids-entry key="Zone par défaut¤PopulationMixed¤Panier_final" objectid="763" type="ACTION" value="3187fadb-9caf-43b3-8350-40c4c7f5e152"/>
<objectids-entry key="Zone par défaut¤PopulationMixed¤Panier_final" objectid="764" type="ACTION" value="7df70082-02c0-4cfb-9788-88869cc43935"/>
<objectids-entry key="Zone par défaut¤PopulationMixed¤Panier_final" objectid="765" type="ACTION" value="40bf1030-08b5-4138-8056-b285d8582d74"/>
<objectids-entry key="Zone par défaut¤PopulationMixed¤Panier_final" objectid="766" type="ACTION" value="3dddee9e-ce85-4be8-9da9-1ea99909045d"/>
<objectids-entry key="Zone par défaut¤PopulationMixed¤Panier_final" objectid="767" type="ACTION" value="e625156a-2d86-412b-814a-d5a24be4154b"/>
<objectids-entry key="Zone par défaut¤PopulationMixed¤Panier_final" objectid="768" type="HTTP_PAGE" value="8d3e498d-840e-43a9-9d95-aa1d83037812"/>
<objectids-entry key="Zone par défaut¤PopulationMixed¤Panier_final" objectid="769" type="ACTION" value="5b5774a4-9911-471c-ae8c-25d1cfad86cb"/>
<objectids-entry key="Zone par défaut¤PopulationMixed¤Panier_final" objectid="770" type="BASIC_LOGICAL_CONTAINER" value="$parent=Panier_final;$index=2"/>
<objectids-entry key="¤¤" objectid="771" type="MONITORED_HOST" value="MYSQLMonitor"/>
<objectids-entry key="¤¤" objectid="772" type="MONITORCONNECTION" value="MYSQLMonitor$mysql"/>
<objectids-entry key="¤¤" objectid="773" type="MONITOR" value="MYSQLMonitor$mysql$Connections/ threads connected"/>
<objectids-entry key="¤¤" objectid="774" type="MONITOR" value="MYSQLMonitor$mysql$Connections/ aborted clients"/>
<objectids-entry key="¤¤" objectid="775" type="THRESHOLD" value="MYSQLMonitor$mysql$a760ccdd-df87-4a7e-9daf-774caf8d565e"/>
<objectids-entry key="¤¤" objectid="776" type="MONITOR" value="MYSQLMonitor$mysql$Connections/ aborted connects"/>
<objectids-entry key="¤¤" objectid="777" type="THRESHOLD" value="MYSQLMonitor$mysql$4078a301-3192-4db6-93ac-3eea0dc40932"/>
<objectids-entry key="¤¤" objectid="778" type="MONITOR" value="MYSQLMonitor$mysql$Connections/ max used"/>
<objectids-entry key="¤¤" objectid="779" type="MONITOR" value="MYSQLMonitor$mysql$Select Rates/ select full join"/>
<objectids-entry key="¤¤" objectid="780" type="THRESHOLD" value="MYSQLMonitor$mysql$3bcc3eea-adec-4b22-ad03-f8864013bd53"/>
<objectids-entry key="¤¤" objectid="781" type="MONITOR" value="MYSQLMonitor$mysql$Select Rates/ select range check"/>
<objectids-entry key="¤¤" objectid="782" type="MONITOR" value="MYSQLMonitor$mysql$Read Rates/ handler read random"/>
<objectids-entry key="¤¤" objectid="783" type="MONITOR" value="MYSQLMonitor$mysql$Read Rates/ handler read random next"/>
<objectids-entry key="¤¤" objectid="784" type="MONITOR" value="MYSQLMonitor$mysql$Key Rates/ key reads (disk)"/>
<objectids-entry key="¤¤" objectid="785" type="MONITOR" value="MYSQLMonitor$mysql$Key Rates/ key writes (disk)"/>
<objectids-entry key="¤¤" objectid="786" type="MONITOR" value="MYSQLMonitor$mysql$Commands Rates/ handler rollback"/>
<objectids-entry key="¤¤" objectid="787" type="MONITOR" value="MYSQLMonitor$mysql$Commands Rates/ handler savepoint rollback"/>
<objectids-entry key="¤¤" objectid="788" type="MONITOR" value="MYSQLMonitor$mysql$Tables/ table locks waited"/>
<objectids-entry key="¤¤" objectid="789" type="THRESHOLD" value="MYSQLMonitor$mysql$3a48513d-72c7-41d2-964d-2b9d656e9a3b"/>
<objectids-entry key="¤¤" objectid="790" type="MONITOR" value="MYSQLMonitor$mysql$Memory/ % key buffer size"/>
<objectids-entry key="¤¤" objectid="791" type="THRESHOLD" value="MYSQLMonitor$mysql$86d9d47d-22a8-490f-9a1f-e6eb035afb98"/>
<objectids-entry key="¤¤" objectid="792" type="MONITOR" value="MYSQLMonitor$mysql$Misc./ slow queries"/>
<objectids-entry key="¤¤" objectid="793" type="THRESHOLD" value="MYSQLMonitor$mysql$1f2c9dde-fe71-4468-a8df-01f0e07f69a2"/>
<objectids-entry key="¤¤" objectid="794" type="MONITOR" value="MYSQLMonitor$mysql$Misc./ slow launch threads"/>
<objectids-entry key="¤¤" objectid="795" type="MONITOR" value="MYSQLMonitor$mysql$Misc./ sort merge passes"/>
<objectids-entry key="¤¤" objectid="796" type="THRESHOLD" value="MYSQLMonitor$mysql$d485dcf8-2a33-41ad-8af0-07059a088637"/>
<objectids-entry key="¤¤" objectid="797" type="MONITOR" value="MYSQLMonitor$mysql$Misc./ not flushed delayed rows"/>
<objectids-entry key="¤¤" objectid="798" type="MONITOR" value="MYSQLMonitor$mysql$Description/ Database Version"/>
<objectids-entry key="¤¤" objectid="799" type="MONITORED_HOST" value="NeoLoad"/>
<objectids-entry key="¤¤" objectid="800" type="MONITORCONNECTION" value="NeoLoad$NeoLoad"/>
<objectids-entry key="¤¤" objectid="801" type="MONITOR" value="NeoLoad$NeoLoad$UserLoad"/>
<objectids-entry key="¤¤" objectid="802" type="MONITOR" value="NeoLoad$NeoLoad$throughput"/>
<objectids-entry key="¤¤" objectid="803" type="MONITOR" value="NeoLoad$NeoLoad$Alerts"/>
<objectids-entry key="¤¤" objectid="804" type="MONITOR" value="NeoLoad$NeoLoad$CriticalAlerts"/>
<objectids-entry key="¤¤" objectid="805" type="MONITOR" value="NeoLoad$NeoLoad$WarningAlerts"/>
<objectids-entry key="¤¤" objectid="806" type="MONITOR" value="NeoLoad$NeoLoad$cpu"/>
<objectids-entry key="¤¤" objectid="807" type="THRESHOLD" value="NeoLoad$NeoLoad$3b2cccef-c532-4607-aa41-254bd5f0caa0"/>
<objectids-entry key="¤¤" objectid="808" type="MONITOR" value="NeoLoad$NeoLoad$memory"/>
<objectids-entry key="¤¤" objectid="809" type="THRESHOLD" value="NeoLoad$NeoLoad$967af75b-df66-4cb0-afc4-b28f4d926968"/>
<objectids-entry key="¤¤" objectid="810" type="MONITOR" value="NeoLoad$NeoLoad$threadcount"/>
<objectids-entry key="¤¤" objectid="811" type="MONITOR" value="NeoLoad$NeoLoad$connectedlg"/>
<objectids-entry key="¤¤" objectid="812" type="MONITOR" value="NeoLoad$NeoLoad$totallgdisconnections"/>
<objectids-entry key="¤¤" objectid="813" type="THRESHOLD" value="NeoLoad$NeoLoad$b5181f73-3fb5-4c34-a2d1-864a16360abd"/>
<objectids-entry key="¤¤" objectid="814" type="MONITOR" value="NeoLoad$NeoLoad$totallgreconnections"/>
<objectids-entry key="¤¤" objectid="815" type="MONITOR" value="NeoLoad$NeoLoad$otcp.NeoLoad"/>
<objectids-entry key="¤¤" objectid="816" type="MONITOR" value="NeoLoad$NeoLoad$tcp.NeoLoad"/>
<objectids-entry key="¤¤" objectid="817" type="MONITOR" value="NeoLoad$NeoLoad$ibytesperinterface~NeoLoad~wlan1"/>
<objectids-entry key="¤¤" objectid="818" type="MONITOR" value="NeoLoad$NeoLoad$obytesperinterface~NeoLoad~wlan1"/>
<objectids-entry key="¤¤" objectid="819" type="MONITOR" value="NeoLoad$NeoLoad$ibytesperinterface~NeoLoad~wlan0"/>
<objectids-entry key="¤¤" objectid="820" type="MONITOR" value="NeoLoad$NeoLoad$obytesperinterface~NeoLoad~wlan0"/>
<objectids-entry key="¤¤" objectid="821" type="MONITOR" value="NeoLoad$NeoLoad$ibytesperinterface~NeoLoad~eth4"/>
<objectids-entry key="¤¤" objectid="822" type="MONITOR" value="NeoLoad$NeoLoad$obytesperinterface~NeoLoad~eth4"/>
<objectids-entry key="¤¤" objectid="823" type="MONITOR" value="NeoLoad$NeoLoad$ibytesperinterface~NeoLoad~eth2"/>
<objectids-entry key="¤¤" objectid="824" type="MONITOR" value="NeoLoad$NeoLoad$obytesperinterface~NeoLoad~eth2"/>
<objectids-entry key="¤¤" objectid="825" type="MONITOR" value="NeoLoad$NeoLoad$nlwebdownload"/>
<objectids-entry key="¤¤" objectid="826" type="MONITOR" value="NeoLoad$NeoLoad$nlwebupload"/>
<objectids-entry key="¤¤" objectid="827" type="MONITOR" value="NeoLoad$NeoLoad$SapUserLoad"/>
<objectids-entry key="¤¤" objectid="828" type="MONITOR" value="NeoLoad$NeoLoad$zoneuserload~Zone par défaut"/>
<objectids-entry key="¤¤" objectid="829" type="MONITOR" value="NeoLoad$NeoLoad$zoneuserloadperpopulation~Zone par défaut~PopulationMixed"/>
<objectids-entry key="¤¤" objectid="830" type="MONITOR" value="NeoLoad$NeoLoad$zoneuserloadperpopulation~Zone par défaut~PopulationMixed~Panier_final"/>
<objectids-entry key="¤¤" objectid="831" type="MONITOR" value="NeoLoad$NeoLoad$zoneuserloadperpopulation~Zone par défaut~PopulationMixed~categorie_bedroom_final"/>
<objectids-entry key="¤¤" objectid="832" type="MONITORED_HOST" value="Injecteur localhost:7100"/>
<objectids-entry key="¤¤" objectid="833" type="MONITORCONNECTION" value="Injecteur localhost:7100$NeoLoad"/>
<objectids-entry key="¤¤" objectid="834" type="MONITOR" value="Injecteur localhost:7100$NeoLoad$lgcpu.localhost:7100"/>
<objectids-entry key="¤¤" objectid="835" type="THRESHOLD" value="Injecteur localhost:7100$NeoLoad$96cf8c88-b472-4fc1-80fa-b1ba9047da7b"/>
<objectids-entry key="¤¤" objectid="836" type="MONITOR" value="Injecteur localhost:7100$NeoLoad$lgmemory.localhost:7100"/>
<objectids-entry key="¤¤" objectid="837" type="THRESHOLD" value="Injecteur localhost:7100$NeoLoad$d990d046-e579-4509-9589-e28db99e45d4"/>
<objectids-entry key="¤¤" objectid="838" type="MONITOR" value="Injecteur localhost:7100$NeoLoad$lgthroughput.localhost:7100"/>
<objectids-entry key="¤¤" objectid="839" type="MONITOR" value="Injecteur localhost:7100$NeoLoad$lguserloadperpopulation~localhost:7100"/>
<objectids-entry key="¤¤" objectid="840" type="MONITOR" value="Injecteur localhost:7100$NeoLoad$lgthreadcount.localhost:7100"/>
<objectids-entry key="¤¤" objectid="841" type="MONITOR" value="Injecteur localhost:7100$NeoLoad$lg.jetty.httpclient.threadpool.used.localhost:7100"/>
<objectids-entry key="¤¤" objectid="842" type="MONITOR" value="Injecteur localhost:7100$NeoLoad$lg.jetty.httpclient.taskpool.used.localhost:7100"/>
<objectids-entry key="¤¤" objectid="843" type="THRESHOLD" value="Injecteur localhost:7100$NeoLoad$168d2675-3909-4445-bf36-3044b6f65d70"/>
<objectids-entry key="¤¤" objectid="844" type="MONITOR" value="Injecteur localhost:7100$NeoLoad$lgdisconnections.localhost:7100"/>
<objectids-entry key="¤¤" objectid="845" type="MONITOR" value="Injecteur localhost:7100$NeoLoad$lgreconnections.localhost:7100"/>
<objectids-entry key="¤¤" objectid="846" type="MONITOR" value="Injecteur localhost:7100$NeoLoad$lgping.localhost:7100"/>
<objectids-entry key="¤¤" objectid="847" type="MONITOR" value="Injecteur localhost:7100$NeoLoad$lgotcp.localhost:7100"/>
<objectids-entry key="¤¤" objectid="848" type="MONITOR" value="Injecteur localhost:7100$NeoLoad$lgtcp.localhost:7100"/>
<objectids-entry key="¤¤" objectid="849" type="MONITOR" value="Injecteur localhost:7100$NeoLoad$lgibytesperinterface~localhost:7100~wlan1"/>
<objectids-entry key="¤¤" objectid="850" type="MONITOR" value="Injecteur localhost:7100$NeoLoad$lgobytesperinterface~localhost:7100~wlan1"/>
<objectids-entry key="¤¤" objectid="851" type="MONITOR" value="Injecteur localhost:7100$NeoLoad$lgibytesperinterface~localhost:7100~wlan0"/>
<objectids-entry key="¤¤" objectid="852" type="MONITOR" value="Injecteur localhost:7100$NeoLoad$lgobytesperinterface~localhost:7100~wlan0"/>
<objectids-entry key="¤¤" objectid="853" type="MONITOR" value="Injecteur localhost:7100$NeoLoad$lgibytesperinterface~localhost:7100~eth4"/>
<objectids-entry key="¤¤" objectid="854" type="MONITOR" value="Injecteur localhost:7100$NeoLoad$lgobytesperinterface~localhost:7100~eth4"/>
<objectids-entry key="¤¤" objectid="855" type="MONITOR" value="Injecteur localhost:7100$NeoLoad$lgibytesperinterface~localhost:7100~eth2"/>
<objectids-entry key="¤¤" objectid="856" type="MONITOR" value="Injecteur localhost:7100$NeoLoad$lgobytesperinterface~localhost:7100~eth2"/>
</objectids-table>
<!--****** DURATION ******-->
<duration value="0"/>
<!--****** AGGREGATION PERIOD ******-->
<aggregation-period value="1000"/>
<!--****** EXTENDED STATISTICS ******-->
<truncated-mean centered-interval="true" percentage="90"/>
<percentile percentage="50"/>
</project>
